<?xml version="1.0" encoding="UTF-8"?>
<project-private xmlns="http://www.netbeans.org/ns/project-private/1">
    <editor-bookmarks xmlns="http://www.netbeans.org/ns/editor-bookmarks/2" lastBookmarkId="0"/>
    <open-files xmlns="http://www.netbeans.org/ns/projectui-open-files/2">
        <group>
            <file>file:/C:/xampp/htdocs/TelepathyBean/php/ProjectsPage.php</file>
            <file>file:/C:/xampp/htdocs/TelepathyBean/php/ContactUsPage.php</file>
            <file>file:/C:/xampp/htdocs/TelepathyBean/css/contactStyle.css</file>
            <file>file:/C:/xampp/htdocs/TelepathyBean/css/aboutUsStyle.css</file>
            <file>file:/C:/xampp/htdocs/TelepathyBean/index.php</file>
            <file>file:/C:/xampp/htdocs/TelepathyBean/php/config.php</file>
            <file>file:/C:/xampp/htdocs/TelepathyBean/css/registrationStyle.css</file>
            <file>file:/C:/xampp/htdocs/TelepathyBean/css/loginStyle.css</file>
            <file>file:/C:/xampp/htdocs/TelepathyBean/php/LoginPage.php</file>
            <file>file:/C:/xampp/htdocs/TelepathyBean/php/RegistrationPage.php</file>
            <file>file:/C:/xampp/htdocs/TelepathyBean/css/footer.css</file>
            <file>file:/C:/xampp/htdocs/TelepathyBean/php/AboutUsPage.php</file>
            <file>file:/C:/xampp/htdocs/TelepathyBean/css/navbarStyle.css</file>
        </group>
    </open-files>
</project-private>
